{
  "features": [
    "qnn_prediction",
    "atr",
    "adx",
    "rsi",
    "volume_shock",
    "volume_density",
    "spread",
    "tick_rate",
    "bid_ask_imbalance",
    "wick_ratio",
    "candle_size",
    "dom_pressure_proxy",
    "pred_volatility_5",
    "pred_deviation",
    "atr_change",
    "pred_strength"
  ],
  "threshold": 0.5,
  "cost_multiplier": 0.1,
  "train_metrics": {
    "precision": 0.892945776787768,
    "recall": 0.9246178242148082,
    "f1": 0.9085058490606708,
    "auc_roc": 0.9851174963108039,
    "support_pos": 159547,
    "support_neg": 236743
  },
  "val_metrics": {
    "precision": 0.8790293183356768,
    "recall": 0.9074293086764864,
    "f1": 0.8930035709562227,
    "auc_roc": 0.981310016821128,
    "support_pos": 37204,
    "support_neg": 61869
  },
  "feature_importance": {
    "qnn_prediction": 0.3252793252468109,
    "atr": 0.009601503610610962,
    "adx": 0.008744951337575912,
    "rsi": 0.011327431537210941,
    "volume_shock": 0.008490280248224735,
    "volume_density": 0.011736638844013214,
    "spread": 0.014038929715752602,
    "tick_rate": 0.007711220532655716,
    "bid_ask_imbalance": 0.17584006488323212,
    "wick_ratio": 0.10638344287872314,
    "candle_size": 0.01817552000284195,
    "dom_pressure_proxy": 0.2548768222332001,
    "pred_volatility_5": 0.003806748893111944,
    "pred_deviation": 0.0112617127597332,
    "atr_change": 0.008033594116568565,
    "pred_strength": 0.0246918722987175
  },
  "train_samples": 396290,
  "val_samples": 99073
}