{
  "features": [
    "qnn_prediction",
    "atr",
    "adx",
    "rsi",
    "volume_shock",
    "volume_density",
    "spread",
    "tick_rate",
    "bid_ask_imbalance",
    "wick_ratio",
    "candle_size",
    "dom_pressure_proxy",
    "pred_volatility_5",
    "pred_deviation",
    "atr_change",
    "pred_strength"
  ],
  "threshold": 0.5,
  "cost_multiplier": 0.1,
  "train_metrics": {
    "precision": 0.8479294829121183,
    "recall": 0.8696070608944567,
    "f1": 0.8586314720812183,
    "auc_roc": 0.9641261193134489,
    "support_pos": 121571,
    "support_neg": 175872
  },
  "val_metrics": {
    "precision": 0.8362284468944299,
    "recall": 0.8797033041132839,
    "f1": 0.8574151358811738,
    "auc_roc": 0.9649890593953685,
    "support_pos": 29660,
    "support_neg": 44701
  },
  "feature_importance": {
    "qnn_prediction": 0.4480745196342468,
    "atr": 0.014496718533337116,
    "adx": 0.008273021318018436,
    "rsi": 0.02358655072748661,
    "volume_shock": 0.01409541442990303,
    "volume_density": 0.024400489404797554,
    "spread": 0.012816224247217178,
    "tick_rate": 0.01318916492164135,
    "bid_ask_imbalance": 0.18975825607776642,
    "wick_ratio": 0.1089363545179367,
    "candle_size": 0.014174380339682102,
    "dom_pressure_proxy": 0.0957939624786377,
    "pred_volatility_5": 0.0034720862749964,
    "pred_deviation": 0.006554858293384314,
    "atr_change": 0.009325283579528332,
    "pred_strength": 0.013052782975137234
  },
  "train_samples": 297443,
  "val_samples": 74361
}